CODIGO DE PRODUCTO,DESCRIPCION,PRECIO,STOCK
3G-COM-G,Comunicador para paneles Garnet WiFi/3G/SMS.,182.83,0.00
A2K4-NG,CENTRAL DE ALARMA 7 ZONAS. 2 PART. C/ G-732LED,105.88,22.00
A2K4-NG LCD,CENTRAL DE ALARMA 7 ZONAS. 2 PART. C/ G-732LCD,167.82,0.00
A2K4-NG RF,CENTRAL DE ALARMA 7 ZONAS. 2 PART. C/ KPD-860RF,184.04,12.00
A2K8,CENTRAL CABLEADA 8Z C/ TECL KPD-860 EXP A 32Z,193.60,6.00
A2K8-RF,Panel 32z c/ G-LCD732RF. 4 part. c/ comunic telefonico,214.05,0.00
ABT-100 2,BARRERA INFRAROJA EXTERIOR DE 100 MTS DOBLE HAZ,45.58,13.00
ABT-100 4,BARRERA INFRAROJA EXTERIOR DE 100 MTS 4 HACES,99.45,3.00
ABT-15,BARRERA INFRAROJA EXTERIOR DE 15 MTS 1 HAZ,14.94,96.00
ABT-150 3,BARRERA INFRAROJA TRIPLE HAZ-150 MTS,75.97,17.00
ABT-200 4,BARRERA INFRARROJA 200MTS P/ EXT CUATRO HACES,118.61,0.00
ABT-250 4,BARRERA INFRARROJA 250MTS P/ EXT 4 HACES,110.96,1.00
ABT-30,BARRERA INFRAROJA EXTERIOR DE 30m DOBLE HAZ,49.91,-16.00
ABT-50 4,BARRERA INFRAROJA EXTERIOR DE 50m 4 HACES,71.83,3.00
ABT-60,BARRERA INFRAROJA EXTERIOR DE 60 MTS DOBLE HAZ,27.01,46.00
ACS-201,Terminal de control de acceso autónomo IP68 con lector RFID,80.11,7.00
ACS-303B,Control de accesos autónomo Biométrico + RFID EM + password,117.69,3.00
AEROSOL,AEROSOL P/ PRUEBA DE DETECTORES DE HUMO (20 PRUEBA,7.80,1.00
BALUN HIK DS-1H18S/E,BALUN HIKVISION. CON TORNILLO. MULTINORMA TVI AHD CVI Y ANAL,3.13,38.00
BAT-1207,BATERIA DE GEL 12V 7AH,17.97,442.00
BG-12LSP,AVISADOR MANUAL RESETEABLE DOBLE ACCION,70.01,4.00
BL-400,COMUNICADOR DIGITAL DE 3 TECLAS,39.93,3.00
BL-900G,Botón de Pánico Inalámbrico Garnet.,34.49,0.00
BV-501,DETECTOR INFRA PASIVO 360º D 12m,46.96,1.00
C3WN,Outdoor Smart Wi-Fi Camera,69.59,15.00
C6N,Cámara EZVIZ IP WIFI 2MPX PT interior. Lente 2.8 mm. C/ SLOT,48.07,2.00
CAB-CCTV,Cable de 18mts p/ CCTV c/ fichas p/ video y alimentación,6.77,471.00
CAJA-EXT-01,Caja Estanca 80*80*60mm Blanca IP65 UV burlete y tornillos,1.92,180.00
CAJA-EXT-02,Caja Estanca 100*100*80mm Blanca IP65 UV burlete y tornillos,2.58,76.00
CAJA-EXT-03,Caja Estanca 100*100*60mm Blanca IP65 UV burlete y tornillos,2.31,275.00
CAJA-REDO-01,Caja de Paso (NO ESTANCA)  80*40mm Blanca,1.61,52.00
CE3,SET REMOTO INAL 4 CAN 2 RELE 2 CEREM-3,74.51,23.00
CEREM3,TRANSMISOR INAL 4 CANALES P/ CE-3,22.30,1.00
CP-1P CN SIGNO,CABLE PORTERO 1P C/N 100% COBRE X 200mts,27.69,19.00
CP-2P CN SIGNO,CABLE PORTERO 2P C/N 100% COBRE X 200mts,44.40,20.00
CP-3P CN SIGNO,CABLE PORTERO 3P C/N 100% COBRE X 200mts,62.55,14.00
CP-4P CN SIGNO,CABLE PORTERO 4P C/N 100% COBRE X 200mts,79.40,12.00
CS-C1C-F0-1E2WF,CAMARA IP EZVIZ WIFI 2mpx MicroSD 256Gb 2.8mm 0lux IR12m,48.07,0.00
CS-C2C-A0-1E2WF,CAMARA IP EZVIZ WIFI 2mpx MicroSD HASTA 256Gb,48.07,9.00
CS-C8C-A0-1F2WFL1,DOMO PT IP EXTERIOR WIFI IP 65. 2MPX. Lente 4mm,135.01,7.00
CS-CV310-A0-1C2WFR,CAM IP WIFI 1080P. LF2.8MM. IR 30M. H264. EXTERIOR. IP66,63.31,-2.00
DG-50AU,DETECTOR DE ROTURA DE VIDRIOS FORM A C/ RELAY,23.00,65.00
DGM-300,DETECTOR MAGNETICO INALAMBRICO P/ A2K8,41.50,-26.00
DGW-500,DETECTOR INFRARROJO INALAMBRICO P/ A2K8,52.15,-22.00
DGW-500-PET,DETECTOR INFRARROJO INALAMBRICO PET P/ A2K8,52.15,21.00
DH-360i,DETECTOR DE HUMO FOTOELECTRICO INALAMBRICO,75.26,1.00
DH-AUTO,DETECTOR DE HUMO AUTONOMO ALIMENTACION 9VDC CON\NBU,10.53,27.00
DH-HAC-HDW1200EMP-A-,CAMARA DAHUA DOMO 2MP LENTE 2.8mm IR 50MTS AUDIO IP67METAL,37.26,1.00
DH-HAC-HFW1209CP-280,Cámara 4 en 1 Bullet 2Mpx Full Color LED 20m IP67 lente 2.8m,31.25,5.00
DH-HAC-HFW1209CP-360,Cámara 4 en 1 Bullet 2Mpx Full Color LED 20m IP67 lente 3.6m,31.49,-4.00
DHX-2H-12/24v,DET HUMO FOTOELECTRICO 2H 12-24v C/ BASE NA (NO AUTORESET),16.52,122.00
DIGIBIT-2,DETECTOR INFR PASIVO DUAL DIGITAL 40KG,38.84,5.00
DMX-3,SENSOR MAGNETICO INALAMBRICO DE  ENCRIPTADO ALCANC,31.77,4.00
DMX-50,SENSOR INFRARROJO INALAMBRICO DE  ENCRIPTADO ALCAN,52.49,0.00
DRV-100,DETECTOR DE ROTURA DE VIDRIO,19.72,4.00
DS-2AE4123TI-D,DOMO HD-TVI 720P-EXT.-IR 100 MTS- ZOOM OPT.23X. DIGITAL 16X,325.05,1.00
DS-2CE56D0T-IF,Cámara Full HD 4-1 Mini-Domo Metálico. Lente 2.8mm. 20m,25.59,36.00
DS-2CE76D0T-EXIPF,Cámara Hikvision Turbo Domo EXIR de 2MP,21.38,-12.00
DS-3E0109P-E,Switch 8 100M PoE. 1 100M uplink. 802.3af/at PoE budget 123W,94.08,0.00
DS-7204HGHI-F1,DVR Penta- 4 CANALES Turbo 4.0 (AHD-TVI-CVI-ANALOG-IP),65.89,6.00
DS-7204HQHI-K1,DVR Penta- 4 CANALES Turbo 4.0- 3MP (AHD-TVI-CVI-CVBS-IP),69.67,0.00
DS-7208HGHI-K1,DVR TURBO HD 1080N 8 canales + 2 IP. 1ch Audio,92.96,0.00
DS-7208HQHI-K1,DVR Penta- 8 CANALES Turbo 4.0- 3MP (AHD-TVI-CVI-ANALOG-IP),97.62,0.00
DS-7208HQHI-M1/FA,DVR TURBO 4.0 AcuSense full HD 8 canales + 2 IP,202.92,0.00
DS-7216HGHI-F1N,Grabadora 16 CH Turbo HD/AHD/HDCVI/CBVS + 2 IP 1HDD,151.30,1.00
DS-7216HGHI-K1,Grabadora 16 CH Turbo HD/AHD/HDCVI/CBVS + 2 IP 1HDD,178.06,1.00
DS-K1T8003MF(O-STD),TERMINAL DE CONTROL DE ACCESO STANDALONE LCD DISPLAY,95.29,13.00
DS-K1T801E,Control de Acceso standalone lector EM 125KHz.,44.52,2.00
DS-KH2220(O-STD),PANTALLA 7 INDOOR STATION ANALOGICA,114.78,-2.00
DS-KIS202,Kit video portero IP65 Camara + Pantalla. Luz Autoadaptable,156.51,-1.00
DS-KIS203,Kit video portero IP65 Camara + Pantalla. Luz Autoadaptable,195.91,-5.00
DS-KIS603-P,Video portero y pantalla IP PoE. Cámara 2Mpx. Touch screen 7,338.93,3.00
DS-PD2-T10AME-EH,DET PAS INFRAR EXT CABL 2 PIR MW PET 10K ANTIMASK ANTIBLOCK,137.54,0.00
DT2,CERROJO DESTRABA PESTILLO 12 VDC,16.53,13.00
DT-2H-24,DETECTOR DE TEMP FIJA 2 HILOS 57ºC 10-35V,16.69,14.00
DX-FULL WIFI,COMUNICADOR UNIVERSAL WIFI AUTOMONITOREO C/GAB,93.17,8.00
ED-5800 W,COMUNICADOR WIFI KEYBUS P/ DSC C/ GAB,104.98,1.00
ED-5800 WG,COMUNICADOR 2/3/4G GPRS SMS WIFI KEYBUS P/ DSC C/ GAB,154.70,1.00
ED-5800 WGR,COMUNICADOR RF 2/3/4G GPRS SMS WIFI KEYBUS P/ DSC C/ GAB,171.28,1.00
ED-5800 WR,COMUNICADOR RF WIFI KEYBUS P/ DSC C/ GAB,138.13,5.00
ED-7200,PAM (Panic Alarm Mesh) - Transceptor inalambrico 3 botones,88.33,2.00
ED-7254,Placa programador para PAM,30.25,4.00
ELMES-1C-100 2,SET REM INALAMBIRCO 1C. 2 LLAV ENCRIPT. 100M,56.63,11.00
ELMES-1C-200 1,SET REMOTO INAL-MBRICO DE 1 CANAL ENCRIPTADO ALC,60.52,2.00
ELMES-2C-100 2,SET REM INALAMBIRCO 2C. 2 LLAV ENCRIPT. 100M,67.96,10.00
ELMES-2C-200 1,SET REMOTO INAL-MBRICO DE 2 CANALES ENCRIPTADO ALC,73.98,0.00
ELMES-4C-100 1,SET REMOTO INAL-MBRICO DE 4 CANALES ENCRIPTADO ALC,62.59,0.00
ELMES-4C-200 1,SET REMOTO INAL-MBRICO DE 4 CANALES ENCRIPTADO ALC,97.14,0.00
EX-35T,DETECTOR INFRA PASIVO 11m(90º) 17m (cortina) ANTIMASCOTA,34.65,6.00
EXP-8Z,EXPANSOR DE ZONAS CABLEADAS P/ A2K8 SUPERVISADO,52.88,-4.00
FOS-W21,Camara Web 2Mpx 1080P Audio omnidireccinal USB 2.0,38.72,2.00
FRA-200,FUENTE DE ALIMENTACION AUXILIAR 1.5A SUPERVISADA,64.61,5.00
FS-1000E,DETECTOR DE LLAMA,150.33,1.00
GABINETE PVC GR,GABINETE PVC 330 x 230 x 95mm,23.61,0.00
GABINETE PVC PEQ,GABINETE PVC 260 x 230 x 80mm,13.32,-1.00
GL-605-3,GABINETE EXTERIOR SIMIL PELCO + SOPORTE (GRANDE),35.86,3.00
GL-605-3-S,GABINETE EXTERIOR SIMIL PELCO + SOPORTE (CHICO),42.11,0.00
G-LCD732,Teclado con display LCD compatible con linea PC732 de Garnet,68.24,-14.00
G-LCD732RF,Teclado LCD RF. compatible con linea PC732 de Garnet y 2WS.,85.67,-86.00
G-LED732,Teclado Led 8 zonas compatible con linea PC732 de Garnet.,37.39,-83.00
GR-GDF-04,MEDIDOR DE DISTANCIA LASER PROFESIONAL,71.54,2.00
GR-HDMI 1.5,Cable HDMI 1.5m,4.30,25.00
GR-HDMI 10,Cable HMDI 10m,22.34,2.00
GR-HDMI 15,Cable HDMI 15m,37.63,0.00
GR-HDMI 20,Cable HDMI  20mts,37.37,0.00
GR-HDMI 3,Cable HDMI 3m,6.59,16.00
GR-HDMI 5,Cable HDMI 5m,9.47,10.00
GR-SGF-1X2,Splitter HDMI de 2 salidas,40.06,0.00
GR-VGA 10,Cable VGA 10m,15.62,0.00
GR-VGA 20,Cable VGA 20m,28.07,2.00
GR-VGA 5,CABLE VGA 5mt,5.77,3.00
GR-WH806B,RASTREADOR DE CABLES + COMPROBADOR DE RJ45,40.35,0.00
GR-WH806C,RASTREADOR DE CABLES,26.32,-2.00
HAC-B1A21P-0360B,Cámara 4 en 1 Bullet 2Mpx IR PVC IP67 Dahua,22.12,-20.00
HAC-B1A41P-0280B,Bullet HDCVI 4Mpx 30fps IR 20m,33.82,7.00
HAC-B1A41P-0360B,Bullet HDCVI 4Mpx 30fps IR 20m,33.82,5.00
HAC-B1A51P-0280B-S2,Bullet 5en1 5Mpx 16:9 IR 20m lente 2.8mm,38.46,-3.00
HAC-B2A21P-0360B,Bullet Metálica 2Mpx 4 en 1 IR 3.6mm IP67,28.61,161.00
HAC-B2A41P-0280B-S2,Bullet HDCVI 4Mpx Cooper IR 20m,40.58,0.00
HAC-B2A51P-0280B-S2,Bullet 5en1 5Mpx 16:9 IR 20m lente 2.8mm,43.27,0.00
HAC-B4A21P-VF-2712,Camara Bullet HDCVI 1080p 30mt IR Lente varifocal 2.7-12mm,50.48,8.00
HAC-HDW1209TLQP-LED-,Domo HDCVI 2MPX FULL COLOR,33.65,10.00
HAC-HDW1239TLP-A-LED,Cam HDCVI Domo 2Mpx 2.8 Starlight IP67 con Luz Blanca y Mic,43.00,1.00
HAC-HDW1239TLQP-A-LE,2MP Full-color HDCVI Quick-to-install Eyeball Camera,48.08,0.00
HAC-HDW1400EMP-A-028,Cámara 4-1 Domo metalico 4Mpx zoom 2.8mm IR50m IP67,49.85,0.00
HAC-HDW1400TLP-A-036,Domo 5en1 4Mpx Mic incorporado IR 30m,42.28,6.00
HAC-HDW1500TQP-A-028,Domo 5en1 5Mpx 16:9 Mic incorporado IR 40m lente 2.8mm,54.35,7.00
HAC-HFW1200RP,Cámara Bullet 2Mpx SmarIR 60m 2.7-12 motorizada IP67 Dahua,72.60,5.00
HAC-HFW1200RP-Z-IRE6,IRE6-2712-S4 - Cámara 4en1 Bullet 2Mpx IR 50m marca Dahua 2.,80.85,-1.00
HAC-HFW1239TLMP-A-LE,LED-0280B Cam Bullet 2Mpx Full Color Starlight LED Mic IP67,55.29,28.00
HAC-HFW1239TLP-A-LE,Camara HDCVI Domo 2Mpx Starlight IP67 Luz Blanca y Micrófono,42.34,9.00
HAC-HFW1400RP-Z-IRE6,IRE6-2712-S2 - Cam Bullet 4Mpx VF motor. 2.7-12mm IR60m IP67,82.00,0.00
HAC-HFW2501TP-Z-A-27,Cam Bullet HDCVI 5Mpx Starlight WDR 2.7-13mm,99.13,0.00
HAC-T2A21P-0360B,Domo Metálico 2Mpx 4 en 1 IR 3.6mm IP67,25.96,-41.00
HD10000-S WD-P,Disco Rígido PRO SATA3 10TB WD Purple,429.12,0.00
HD1000-S SG SK,Disco Rígido S-ATA 1TB Seagate Skyhawk,56.84,-15.00
HD1000-S WD-B,Disco Rígido S-ATA 1TB WD Blue,56.02,-1.00
HD1000-S WD-P,Disco Rígido S-ATA 1TB WD Purple,56.89,5.00
HD2000-S SG SK,Disco Rígido S-ATA 2TB Seagate Skyhawk,97.39,0.00
HD2000-S WD-B,Disco Rígido S-ATA 2TB WD Blue,108.39,0.00
HD2000-S WD-P,Disco Rígido S-ATA 2TB WD Purple 64mb cache,75.71,15.00
HD3000-S WD-P,Disco Rígido S-ATA 3TB WD Purple,113.26,0.00
HD4000-S SG SK,Disco Rígido S-ATA III 4 TB SEAGATE SKYHAWK,150.56,0.00
HD4000-S WD-P,Disco Rígido S-ATA 4TB WD Purple,136.58,1.00
HD6000-S SG SK,Disco Rígido S-ATA III 6 TB SEAGATE SKYHAWK,227.78,0.00
HD6000-S WD-B,Disco Rígido S-ATA III 6TB WD BLACK,342.52,0.00
HD6000-S WD-P,Disco Rígido S-ATA III 6TB WD Purple,227.78,-2.00
HD8000-S WD-P,Disco Rígido SATA III 8TB WD Purple,588.97,0.00
-HFW1500RP-Z-IRE6,5MP HDCVI IR Bullet Camera. 25 fps. 2.7-12mm motorized lens,95.43,2.00
HS2LCD,TECLADO ALFANUMERICO LCD POWERNEO,130.38,3.00
HSM2HOST9,TRANSCEPTOR WIRELESS P/ NEO,141.01,3.00
HT-7001,Comunicador WiFi universal. WebAlarm smart control HT 7001,90.75,3.00
IB-AMT1016 NET,Central Alarma Intelbras 16 zonas (8+8+24RF) Comunicador LAN,92.93,-7.00
IB-AMT2008RF,Central Alarma Intelbras 8 zonas RF +Teclado +TX +Telefonico,102.73,2.00
IB-AMT4010 SMART,Central de Alarma Intelbras 8 zonas (4+4+48RF) +LCD +Telef,141.93,-4.00
IB-Bandeja 1U,Bandeja fija de 29 cm de profundidad 1U,21.42,0.00
IB-CHATA 4,Varilla alumino chata con 4 aisladores plasticos Intelbras,3.63,0.00
IB-CHATA 6,Varilla alumino chata con 6 aisladores plasticos Intelbras,4.60,0.00
IB-ELC5001,PANEL ELECTRIFICADOR DE CERCOS INTELBRAS,111.41,5.00
IB-ELC5003,Central de Cerca electrica hasta 7km lineales 1.2J Intelbras,109.40,0.00
IB-ELC5112,Central de Cerca electrica hasta 5km lineales 0.7J Intelbras,71.71,0.00
IB-ESTRELLA 4,Varilla alumino estrella 4 aisladores plasticos Intelbras,3.63,0.00
IB-ESTRELLA 6,Varilla alumino estrella 6 aisladores plasticos Intelbras,4.60,0.00
IB-FR10,Cerradura digital Intelbras FR 10. Teclado de 12 teclas.,95.59,0.00
IB-FR101,Cerradura digital intelbras FR 101. Teclado 12 teclas touch,142.78,0.00
IB-FR201,Cerradura digital intelbras FR 201 Teclado touch y RFID,220.22,0.00
IB-HC-S35,Sirena Exterior exponencial Intelbras,6.29,0.00
IB-HC-S36B,Sirena plástica interior piezoeléctrica Intelbras.,6.78,-1.00
IB-HC-S58,Sirena Exterior Nautica exponencial  Intelbras,15.37,0.00
IB-HC-S60,Sirena Exterior Piezoelectrica Con LED Intelbras,21.05,0.00
IB-IVP 2000SF,Sensor Infrarrojo Inalambrico Intelbras 90º 12m,17.06,8.00
IB-IVP4101 SMART,Sensor Infrarrojo Antimascotas 20kg Inalambrico Intelbras,37.27,3.00
IB-IVP5001 PET,Sensor Infrarrojo Antimascotas 20kg Intelbras. 90º 12m,11.98,-37.00
IB-IVP5311MW Pet,Sensor Infrarrojo Doble tecnologia Intelbras. 90º 12m,42.23,4.00
IB-MCB,MAGNETICO DE APLICAR BLANCO,2.36,-2.00
IB-MS-44B,Sensor Magnetico Cableado con bornera Intelbras,1.82,30.00
IB-Mural 12U,Mini Rack Mural 12U 57cm de profundidad. Puerta lateral,223.85,0.00
IB-Mural 3U,Mini Rack Mural 3U 57cm de profundidad. Puerta lateral,119.79,0.00
IB-MURAL 3U CIEGO,Mini Rack Mural 3U 37cm de profundidad. Puerta frontal vent,76.84,0.00
IB-MURAL 3UX,Mini Rack Mural 3U 57cm de profundidad.,76.84,0.00
IB-Mural 5U,Mini Rack Mural 5U 57cm de profundidad. Puerta lateral,162.14,0.00
IB-MURAL 5U CIEGO,Mini Rack Mural 5U 37cm de profundidad. Puerta frontal vent,89.54,-1.00
IB-Mural 8U,Mini Rack Mural 8U 57cm de profundidad. Puerta lateral,180.29,0.00
IB-PLENO,Teléfono Analogico  resistente y práctico.,18.03,0.00
IB-SL-01L,Luz tipo strobo Azul Led Intelbras,5.20,3.00
IB-SL-150,Sirena piezoelectrica Intelbras con luz roja semi intemperie,6.05,0.00
IB-SL-350L,Sirena Exterior Piezoelectrica con flash Intelbras,12.10,0.00
IB-SL-400,Sirena Exterior Piezoelectrica con flash y LED Intelbras,27.59,-1.00
IB-TC20,Teléfono Analogico TC 20,15.25,0.00
IB-TS2510,Teléfono Inalambrico TS2510 digital. Tecnología DECT 6.0,44.65,0.00
IB-TX 4020 SMART,Trasmisor Universal inalambrico Intelbras,11.74,6.00
IB-XAC4000 SMART,Control Remoto Intelbras 433.92 Mhz. (OOK y FSK),7.14,21.00
IB-XAR 3060UN,Receptor universal 2 canales Intelbras.  2 rele NA/NC,28.92,0.00
IB-XAR4000 SMART,Receptor RF sin gabinete para centrales de alarma Intelbras,11.61,-8.00
IB-XAR4000 SMART GAB,Receptor RF con gabinete para centrales de alarma Intelbras,27.35,0.00
IB-XAS4010 SMART,Sensor Magnetico Inalambrico Intelbras 433.92 Mhz,7.18,-4.00
IB-XAT3000 LED,Teclado LED Intelbras p/ AMT1016/AMT4010. 2 zonas en teclado,31.34,0.00
IB-XAT4000 LCD,Teclado LCD Intelbras p/ AMT1016/AMT4010. 2 zonas en teclado,50.82,0.00
IB-XE4000 SMART,Comunicador Intelbras LAN para centrales SMART,39.45,0.00
IB-XEG4010 SMART,Comunicador Intelbras LAN + 3G. Dual Sim. Quad band,131.18,1.00
IB-XEP4004 SMART,Modulo Expansion de 4 PGM Intelbras.,36.24,2.00
IB-XEZ4008 SMART,Modulo Expansion de 8 zonas Intelbras. Sin duplicacion.,25.19,2.00
IP-500G,Comunicador IP WiFi p/Garnet. Compatible c/ Garnet Control,98.13,-4.00
IPC-C22CP,Cámara IP WiFi 2Mpx interior tipo cubo Dahua IMOU CUE 2,33.58,4.00
IPC-C22EP-A,Cámara IP WiFi 2Mpx interior tipo cubo Dahua IMOU CUE 2A,37.38,0.00
IPC-C26EP-V2,Cámara bullet IP WiFi 2Mpx exterior Dahua IMOU LOOC,93.99,1.00
IPC-F22FP-0280B,Cámara Bullet IP WiFi 2Mpx exterior Full Color Dahua IMOU 2E,66.90,0.00
IPC-HDW1230T1P-0280B,Cámara IP Domo 2Mpx lente 2.8mm,57.69,16.00
IPC-HFW1431S1P-0280B,Bullet IP 4Mpx H.265+ IR 30m,76.92,8.00
IPC-HFW1431S1P-0360B,Bullet IP 4Mpx H.265+ IR 30m 3.6mm,67.90,4.00
IPC-K42P,Cubo IP WiFi 4Mpx Mic y speaker incorporado Alarm i/o IR 10m,70.88,4.00
IPC-L26P,Cámara IP WiFi 2Mpx exterior Dahua IMOU Floodlight,207.58,1.00
IR-1000-D,Detector infrarrojo doble exterior Deteccion 11x11m.,96.19,31.00
IR-1000-RF,Detector infrarrojo doble inal ext 2-Way Wireless System,160.69,14.00
IR-1000-W,Detector infrarrojo doble inal ext + RX-W 2-Way Wireless,187.55,5.00
IR-808,Detector infrarrojo pasivo digital. Inmunidad mascotas 18Kg,14.76,20.00
J408-4,PANEL 4 ZONAS BENTEL,341.18,0.00
J408-8,PANEL 8 ZONAS BENTEL,379.41,-5.00
J424-8,PANEL 8 ZONAS EXPANDIBLE A 24 ZONAS,523.81,-1.00
JAULA 15x15x15,JAULA CCTV 15x15x15 NEGRA MALLA SIMA 50X50mm,4.96,3.00
JAULA 20x20x20,JAULA CCTV 20x20x20 NEGRA MALLA SIMA 50X50mm,6.11,11.00
JL-HOUSING-CAM-GRA,GABINETE CHAPA  ANTIVANDALICO P/CAMARA 30*12*15,18.26,9.00
JL-HOUSING-CAM-PEQ,GABINETE CHAPA  ANTIVANDALICO P/CAMARA 24*10*12,16.20,3.00
JL-JAULA 15X15X15,JAULA CCTV 15x15x15 BLANCA MALLA SIMA 50X50mm,4.96,8.00
JL-JAULA 20X20X20,JAULA CCTV 20x20x20 BLANCA MALLA SIMA 50X50mm,6.93,20.00
KIT-1832 LED LC100,PC1832 C/PC1555RKZ + LC100 +SD-15W + BAT,178.19,0.00
KIT-1832 PK5500,PC1832 C/ PK5500 + LC100 + SW-15 + BAT,259.97,0.00
KIT-1832 PK5501,PC1832 C/ PK5501 + LC100 + SW-15 + BAT,199.46,0.00
KIT-1832 RFK5500+,PC1832 C/ RFK5500 + WS4904 + SW15 + BAT + WS4945,352.38,0.00
KIT-1832 RFK5501+,PC1832 C/ RFK5501 + WS4904P + SD-15W + BAT + WS4945,323.15,0.00
KIT-1832 RFK5501-2,PC1832 C/ RFK5501 + WS4904P + SD-15W + BAT,266.40,0.00
KIT-585 LC-100,PC-585+LC-100+SW-15+BAT12/7,131.20,0.00
KIT-IB4010-RF-1,KIT Intelbras 4010 RF + IR RF+ MG RF + BAT de regalo,188.12,0.00
KIT-IB4010-RF-3G-1,KIT Intelbras 4010 RF + 3G + IR RF+ MG RF + BAT de regalo,326.40,0.00
KV-EK10LI,Sirena electrónica estanca 10W con luz intermitente,59.91,0.00
L-350,Soporte metálico en L para SAC 350,7.54,7.00
L-600,Soporte metálico en L para SAC 600,20.24,25.00
LC-100PI,DETECTOR INFRA PASIVO DIGITAL ANTIMASCOTA 25KG,13.61,-64.00
LC-103PIMSK,DETECTOR DOBLE TECN INFRA + MICRO + ANTIMASK,58.44,0.00
LC-104PIMW,DETECTOR DOBLE TECN INFRA + MICRO 15/25KGS,42.42,30.00
M-070,Monitor 7 LED Color C/ Control remoto Sin fuente,85.97,1.00
M-090,Monitor 9 TFT LCD Color C/ Control remoto Sin fuente,70.56,0.00
M-094,Monitor 9 TFT LCD Color 4 entradas de video. Sin fuente,96.72,0.00
MA-220G,Módulo de automatización inalámbrico Garnet.,54.33,6.00
MCB,MAGNETICO DE APLICAR BLANCO,3.02,-19.00
MCM,MAGNETICO DE APLICAR MARRON,3.02,224.00
MEB,MAGNETICO DE EMBUTIR BLANCO,3.02,85.00
MEM,MAGNETICO DE EMBUTIR MARRON,3.02,78.00
MG-MET,MAGNETICO METALICO PARA PORTON,17.05,17.00
MG-MET CH,MAGNETICO BLINDADO CHICO,5.26,53.00
MIC-002,Microfono cable. RCA. 12V,3.89,10.00
MP-1000,SIRENA PIEZOELECTRICA DE 1 TONO 120DB C/ TAMPER. L,38.96,-39.00
MP-100-ST,SIRENA PIEZOELECTRICA DE 1 TONO. SIN TAMPER.,12.71,-37.00
MP-150,SIRENA DINAMICA DE 3 TONOS 30 W. CON TAMPER. PREAL,38.96,-43.00
MP-1500,SIRENA PIEZOELECTRICA DE 1 TONO 120DB. CON TAMPER,27.83,-50.00
MP-200,SIRENA PIEZOELECTRICA DE 6 TONOS 120DB. CON TAMPER,38.96,-18.00
MP-300,SIRENA DINAMICA DE 3 TONOS 30 W. CON TAMPER . FLAS,59.90,14.00
MP-400,SIRENA DINAMICA DE 3 TONOS 30 W AUTOALIMENTADA\N(CO,90.51,0.00
MP-500,Sirena para exteriores exponencial tipo Náutica 30W,17.67,0.00
MPB,MAGNETICO PRECABLEADO BLANCO,3.02,391.00
MPM,MAGNETICO PRECABLEADO MARRON,3.02,317.00
MS-100E,DET PAS INFRAR EXT CABL 2 LENTES,122.38,5.00
MS-12FE,DET PAS INFRAR EXT CABL 2 CABEZAS ROT. 180ºx24mts,209.22,16.00
MS-12TE,DETECTOR INFRARROJO PASIVO EXT 1 CABEZAL ROTATIVO 90º x 12m,156.59,16.00
NT-LINK-3G ALONSO,COMUNICADOR IP KEYBUS 3G GPRS SMS P/ A2K4NG-A2K8,137.90,3.00
NT-LINK-3G DSC,COMUNICADOR IP KEYBUS 3G GPRS SMS P/ DSC,137.90,6.00
NT-WIFI APP,COMUNICADOR WIFI APP,70.72,-1.00
OMS-12FE,DET PAS INFRAR EXT CABL 2 CABEZAS FIJAS 180º,168.43,26.00
ONLY- T501 4G,BULLET EXT 4G c/ P. SOLAR 6w / LENTE 4mm 2mpx,393.25,1.00
ONLY-Q916,DOMO PT 2mpx EXTERIOR WIFI 3.6mm AUDIO BIDIRECCIONAL,73.93,0.00
P1-H,Adaptador plug hembra,0.36,507.00
P1-M,Adaptador plug macho,0.31,948.00
PA-6412PI,Detector infrarrojo pasivo antimascotas p/cielorraso 85ºx12m,17.04,7.00
PAR 2X0.50 SIGNO,CABLE PARALELO DE 2 X 0.50MM BLANCO X ROLLO DE 100m SIGNOTEL,33.10,0.00
PB-100F,BARRERA IR EXT 100M 4H. 4 FREC SEL. 2º MODUL DE HACES,254.19,0.00
PB-100ST,Twin Beam: Up to 100m Outdoor / 200m Indoor (Single Channel),158.89,2.00
PB-100TK,BARRERA IR EXT 100M 2H PROTEC ROCIO. ESCARCHA y NEVADAS,123.28,4.00
PB-200F,BARRERA IR EXT 200M 4H. 4 FREC SEL. 2º MODUL DE HACES,396.12,0.00
PB-30TK,BARRERA INFR EXT 30MTS. 2 HACES,95.97,16.00
PB-50F,Quad Beam: Up to 50m Outdoor / 100m Indoor (Single Channel),251.83,2.00
PB-60TK,BARRERA INFRARROJA EXT 60MTS. 2 HACES,135.17,1.00
PB-IN200HF,BARRERA IR EXT 200M INTELIG 4H. 4 FREC. DOBLE MOD HACES,430.29,0.00
PC-5108,MODULO EXPANSOR DE 8 ZONAS PARA POWER 832,44.09,13.00
PC-5204,FUENTE DE ALIMENTACION SUPERV DE 4 PGM DE 1A  P/ 1832,109.36,1.00
PC-585 PC1555,CENTRAL 8Z SUP CON PC1555,89.01,95.00
PC-732G-LCD,GARNET PC-732G LCD. 32 Z. 2 part (sin comunicador telef),148.95,0.00
PC-732G-LCD 3G,GARNET PC-732G LCD. 32 Z. 2 part. + comunicador 3G-COM,306.73,0.00
PC-732G-LCD IP,GARNET PC-732G LCD. 32 Z. 2 part. + comunicador IP-500.,226.15,0.00
PC-732G-LCDRF,GARNET PC-732G LCD RF. 32 Z. 2 part (sin comunicador telef),161.05,26.00
PC-732G-LCDRF 3G,GARNET PC-732G LCD RF. 32 Z. 2 part + comunicador 3G-COM,325.61,24.00
PC-732G-LCDRF IP,GARNET PC-732G LCD RF. 32 Z. 2 part + comunicador IP-500,245.02,10.00
PC-732G-LED,GARNET PC-732G LED. 32 Z. 2 part (sin comunicador telef),109.14,4.00
PC-732G-LED 3G,GARNET PC-732G LED. 32 Z. 2 part + comunicador 3G-COM,272.49,32.00
PC-732G-LED IP,GARNET PC-732G LED. 32 Z. 2 part + comunicador IP-500.,187.55,4.00
PC-900G-LCD,GARNET PC-900G LCD WiFi embebido. 32 Zonas. 4 Particiones,226.15,8.00
PC-900G-LCD 3G,GARNET PC-900G LCD WiFi embebido. 32 Zonas. 4 Part + COM-900,306.73,0.00
PC-900G-LCDRF,GARNET PC-900G LCD RF WiFi embebido. 32 Zonas. 4 Particiones,245.02,0.00
PC-900G-LCDRF 3G,GARNET PC-900G LCD RF WiFi embebido. 32 Z. 4 Part + COM-900,325.61,0.00
PC-900G-LED,GARNET PC-900G LED WiFi embebido. 32 Zonas. 4 Particiones,187.55,2.00
PC-900G-LED 3G,GARNET PC-900G LED WiFi embebido. 32 Zonas. 4 Part + COM-900,272.49,0.00
PFA12A,CAJA DE MONTAJE PLASTICA PARED P/CAMARAS DAHUA,3.66,20.00
PG9901,SIRENA INT. WLSS C/BAT. POWER NEO,211.27,1.00
PG9914,DETECTOR INALAM. POWER NEO,76.56,7.00
PG9922,Detector Inalámbrico de rotura de vidrio POWERG,0.00,2.00
PG9938,CONTROL REMOTO 1 BOTON POWER NEO,55.51,2.00
PG9945,MAGNETICO INALAM. POWER NEO,61.87,9.00
PG9984,SENSOR PIR+MICROONDAS WLSS POWERNEO,142.66,1.00
PGM-W,SALIDA PGM INALAMBRICA P/ A2K4NG Y A2K8,40.90,11.00
PILA-9V,BATERIA ALCALINA 9V,2.60,88.00
PILA-A23,PILA ALCALINA 12V,1.82,31.00
PILA-A27,PILA ALCALINA 12V,1.08,24.00
PILA-AA,PILA ALCALINA AA,0.63,19.00
PILA-CR-1220,BATERIA LITIO 3V,1.24,29.00
PILA-CR-123A,BATERIA LITIO 3V,5.31,39.00
PILA-CR-2,BATERIA LITIO 3V,4.89,110.00
PILA-CR-2016,BATERIA LITIO 3V,0.65,22.00
PILA-CR-2025,BATERIA LITIO 3V,0.57,50.00
PILA-CR-2032,BATERIA LITIO 3V,0.77,44.00
PINZA-CRIMPE01,PINZA CRIMPEADORA METALICA PARA RJ45 / 11 / 12 + PELACABLE,6.76,15.00
PK-5500Z,TECLADO LCD ALFANUMERICO DE 32 ZONAS C/ ZON,123.75,1.00
PK-5501Z,TECLADO LCD ICONO DE 32 ZONAS C/ ZONA,68.06,3.00
PK-5516Z,TECLADO REMOTO AUX. LEDS DE 16 ZONAS C/ Z,79.70,1.00
POWER-1832 LCD5500,CENTRAL MULTIPLEX 8Z SUP EXP 32Z C/ LCD5500,217.80,0.00
POWER-1832 LCD5501,CENTRAL MULTIPLEX 8Z SUP EXP 32Z C/ LCD5501,155.49,0.00
POWER-1832 PC1555,CENTRAL MULTIPLEX 8Z SUP EXP 32Z C/ PC1555,125.61,25.00
POWER-1832 RFK5501,CENTRAL MULTIPLEX 8Z SUP EXP 32Z C/ RFK5501,221.55,0.00
PRE-BCO 100X2.5MM,PRECINTOS BLANCOS 100x2.5mm x100u.,0.63,16.00
PRE-BCO 150X3.6MM,PRECINTOS BLANCOS 150x3.6mm x100u.,1.79,23.00
PRE-BCO 200X4.8MM,PRECINTOS BLANCOS 200x4.8mm x100u.,3.12,3.00
PRE-BCO 250X4.8MM,PRECINTOS BLANCOS 250x4.8mm x100u.,3.43,3.00
PRE-NEG 150X3.6MM,PRECINTOS NEGROS C/ FILTRO UV 150x3.6mm x100u.,1.79,1.00
PRE-NEG 200X4.8MM,PRECINTOS NEGROS C/ FILTRO UV 200x4.8mm x100u.,3.12,0.00
PRE-NEG 250X4.8MM,PRECINTOS NEGROS C/ FILTRO UV 250x4.8mm x100u.,3.57,16.00
PRE-NGO 100X2.5MM,PRECINTOS NEGROS C/ FILTRO UV 100x2.5mm x100u.,0.63,17.00
PROMO-732LCDRF IP MA,KIT 732G LCDRF IP +DGW-500-PET +MP100 +BAT +DGW300 +MA220,396.24,0.00
PROMO-732-TESTER,Promo Garnet 2x KIT 732G LED 3G + tester de regalo,774.73,0.00
PROMO-CF44B2-DC2,PROMO DAHUA DVR 1A04 c/Cables + 4 Bullet PVC 2Mpx + HDD,227.18,0.00
PS-12/1000,FUENTE DE ALIMENTACION 12VDC - 1A,5.78,54.00
PS-12/10000,FUENTE DE ALIMENTACION 12V-10A - GAB MET,21.90,-5.00
PS-12/3000,FUENTE DE ALIMENTACION 12VDC - 3A,13.22,82.00
PS-12/4000,FUENTE DE ALIMENTACION 12VDC - 4A,13.21,88.00
PS-12/5000,FUENTE DE ALIMENTACION 12VDC - 5A,19.00,58.00
PS-UPS-12V-4A,FUENTE DE ALIMENTACION 12V-4.3A CON CARGADOR,28.50,14.00
PS-UPS-12V-8A,FUENTE DE ALIMENTACION 12V-8A CON CARGADOR,42.28,-2.00
PUCARA-KT08 IP28,KIT CEM PUCARA DE 3/4 ZONAS + 2 LLAVEROS IP28,99.10,12.00
PUCARA-TX CA12,TRANSMISOR INALAMBRICO DE 2 CANALES P/ PUCARA-III,13.35,9.00
PUCARA-TX IP28,TRANSMISOR INALAMBRICO DE 2 CANALES P/ PUCARA-III,14.16,3.00
PUL,PULSADOR SIN RETENCION. NA/NC.,3.03,35.00
PUL-R,PULSADOR CON RETENCION. NA/NC.,3.03,42.00
PVC,BARRA DE SILICONA PLASTICA X KG,13.21,18.00
REL-100,RELAY P/ SALIDA DE SIRENA. C/ FUSIBLE 3A,9.80,12.00
RF5132-433,RECEPTOR INALA 32 Z Y 16 LLAV INAL. 8 PARTIC,73.30,9.00
RFK5500,TECLADO ALFANUMERICO C/ RX INALAMBRICO 32Z,191.33,5.00
RFK5501,TECLADO LCD ICONOS C/ RX INALAMBRICO 32 Z,117.76,4.00
RJ-45,FICHA RJ45 x10u,0.47,183.00
RJ-45MET,FICHA RJ45 METALICAS REFORZADAS x10u,2.18,96.00
RX-100,Receptor inalámbrico de tres canales. Incluye dos TX-200.,68.24,-22.10
RX-W,Receptor universal 2 canales 2-Way Wireless System,43.56,3.00
S1008-120,CYGNUS Switch CCTV Ethernet PoE+ 8 Puertos,179.75,1.00
SAC-002,PULSADOR METALICO,7.83,4.00
SAC-003,Sensor de apertura NO TOUCH,20.67,0.00
SAC-1200,Cerradura Electromagnética 1200 LIBRAS,100.00,1.00
SAC-2110,Controlador prox Autonomo 1 puerta RS485 Prog xPC Indoor 12V,31.83,17.00
SAC-350,Cerradura electromagnética 350 libras,37.46,24.00
SAC-4100,Tarjeta de Proximidad EM - Para imprimir,0.65,372.00
SAC-4102,Tag de Proximidad EM,0.53,-91.00
SAC-4200,Tarjeta de Proximidad MIFARE - Para imprimir,1.44,103.00
SAC-600,Cerradura electromagnética 600 libras,53.07,15.00
SAC-BCP45,BRAZO CIERRA PUERTA DE 45KG,13.22,0.00
SAC-BCP80,BRAZO CIERRA PUERTA DE 80KG,20.76,2.00
SD CARD 128,MEMORIA MICROSD 128GB KINGSTON CLASE 10,22.24,10.00
SD CARD 128 DAHUA,MICRO SD TF-C100 DAHUA 128Gb C10 / U3 / V30,33.28,1.00
SD CARD 256 DAHUA,MICRO SD TF-C100 DAHUA 256Gb C10 / U3 / V30,62.39,2.00
SD CARD 32,MEMORIA MICROSD 32GB KINGSTON CLASE 10,7.42,19.00
SD CARD 32 ONLY,MEMORIA MICROSD 32GB ONLY,8.84,3.00
SD CARD 32 PURPLE,MICRO SD WD PURPLE QD101 32Gb,11.79,-1.00
SD CARD 64,MEMORIA MICROSD 64GB KINGSTON CLASE 10,11.64,25.00
SD CARD 64 DAHUA,MICRO SD TF-C100 DAHUA 64Gb C10 / U3 / V30,18.94,1.00
SD CARD 64 PURPLE,MICRO SD WD PURPLE QD101 64Gb,21.40,0.00
SD-15W,SIRENA DE INTERIOR,9.44,53.00
SIR-INC 12V,SIRENA CON ESTROBO ROJO 12V 95DB,18.53,20.00
SIR-INC 24V EXT,SIRENA CON STROBO. 24V. 128DB PARA EXTERIOR,42.11,1.00
SIR-INC 24V INT,SIRENA CON STROBO. 24V. 80DB PARA INTERIOR,17.50,-20.00
SIR-NAUTICA,SIRENA EXPONENCIAL DE 30W C/ GABINETE P/ EXTERIOR,59.91,-5.00
SOP-DET,SOPORTE UNIVERSAL PARA DETECTOR,2.24,77.00
SPC-4,Splitter Power Cable 1 a 4. plug 2.1mm,1.42,81.00
SPC-8,Splitter Power Cable 1/9. p/ alimentar 8 cámaras + 1 DVR,2.29,89.00
SPY-005,MINI CAMARA ESPIA WIFI,34.61,-5.00
SPY-TORN,CAMARA OCULTA EN TORNILLO 2Mpx MICROFONO INCORPORADO,32.67,0.00
SS-102,DETECTOR DIGITAL DE VIBRACION,47.50,8.00
SWAN-QUAD,DETECTOR INFRA PASIVO ANTIMASCOTA 15-25,10.65,24.00
TH100,COMUNICADOR 3G DUAL SIM POR BUS DE DATOS,109.12,11.00
TH100R,COMUNICADOR 3G DUAL SIM POR BUS DE DATOS C/ TX REMOTO,129.84,4.00
TH200,COMUNICADOR 3G DUAL SIM POR TIP RING,109.12,4.00
TL2803G-LAT,Comunicador Doble Trayecto Vía Internet y HSPA POWER NEO,280.39,1.00
TRA-1C-100,TRANSMISOR INAL-MBR DE 1 CANAL ENCRIPTADO ALCAN,21.60,11.00
TRA-1C-200,TRANSMISOR INAL-MBR. DE 1 CANAL ENCRIPTADO ALCANCE,29.06,6.00
TRA-2C-100,TRANSMISOR INAL-MBR. DE 2 CANALES ENCRIPTADO ALCAN,25.41,13.00
TRA-2C-200,TRANSMISOR INAL-MBR. DE 2 CANALES ENCRIPTADO ALCAN,32.04,9.00
TRA-4C-100,TRANSMISOR INAL-MBR. DE 4 CANALES ENCRIP. ALCANCE,31.23,0.00
TRA-4C-200,TRANSMISOR INAL-MBR. DE  4 CANALES ENCRIPTADO ALCA,49.32,0.00
TRAFO 1.5,TRANSFORMADOR DE 220/16VA 1.5A,10.42,-418.00
TRAFO 3,TRANSFORMADOR DE 220/16VA 3A,20.88,-5.00
TS-4003A,TESTER C/ PROBADOR DE CABLES + ILUMINACION DE DYSPLAY,26.07,5.00
TS-850,TESTER C/ ILUMINACION DE DISPLAY,10.81,1.00
TX-114FR,DET PAS INFRAR EXT INAL 2 CABEZAS ROT. 180ºx24mts,262.67,2.00
TX-114SR,DET PAS INFRAR EXT INAL 1 CABEZA ROT. 90ºx12mts,222.33,3.00
TX-200,Control Remoto 3 canales,22.26,-46.00
TX-500,Control Remoto compatible con G-LCD732RF.,30.61,-55.00
TX-COPI,CONTROL REMOTO COPIADOR 4 CANALES 433Mhz,12.10,1.00
U-350,Soporte metálico en U para SAC 350,13.75,5.00
U-600,Soporte metálico en U para SAC 600,13.75,6.00
UTP-101HD,Par de balunes AHD/CVI/TVI/CBVS 1 ch p/ UTP 400m,1.73,620.00
UTP-DA-01PR,BALUN PASIVO CYGNUS HDCVI RJ45 CON REGULADOR DE TENSION,17.30,4.00
UTP-EXT 2P 100 SIGNO,CABLE UTP 2 PARES CAT 5E P/ EXT X 100mts,21.96,0.00
UTP-EXT 4P 100 SIGNO,CABLE UTP 4 PARES 100% COBRE CAT 5E P/ EXT X 100m,56.54,20.00
UTP-EXT 4P 305 CYGN,CABLE UTP CAT5 P/ EXTERIOR X CAJA DE 305MTS 100% COBRE,172.43,-7.00
UTP-EXT 4P 305 FURUK,CABLE UTP 4 PARES 100% COBRE CAT 5E P/ EXT X 305mts,184.34,-1.00
UTP-EXT 4P 305 SIGNO,CABLE UTP 4 PARES 100% COBRE CAT 5E P/ EXT X 305mts,177.99,11.00
VTO2000A,Portero Unidad Exterior p/vivienda marca Dahua,125.84,1.00
VTO2000A-C,Modulo Camara y portero para VTO2000,190.27,1.00
VXI-R,SENSOR INFRA DOBLE PIR P/ EXTERIOR INMUNE A MASCOTAS INAL,242.00,2.00
WEBKIT-AF710-GA1,KIT GARNET 732G LED + IR808 + MP100 + BAT,143.95,0.00
WEBKIT-AF711-GA1,KIT GARNET 732G LED IP + IR808 + MP100 + BAT,217.46,0.00
WEBKIT-AF712-GA1,KIT GARNET 732G LED 3G + IR808 + MP100 + BAT,297.09,0.00
WEBKIT-AF721-GA1,KIT GARNET 732G LED IP + 2 IR808 + MP100 + MP1000 + BAT,267.83,0.00
WEBKIT-AF722-GR1,KIT 732G LCDRF 3G + DGW500 + MP100 + MP1000 + BAT + DH360i,489.03,0.00
WEBKIT-CF42B2-DB2,KIT DAHUA DVR 4CH + 2 Bullet PVC 2Mpx + HDD 1TB + Accesorios,198.67,0.00
WEBKIT-CF42B2-HB2,KIT HIKVISION DVR 4CH + 2 Bullet PVC 2Mpx + HDD + Accesorios,184.27,0.00
WEBKIT-CF44B2-DB1,KIT DAHUA DVR 4CH + 4 Bullet PVC 2Mpx + HDD 1TB + Accesorios,247.20,0.00
WEBKIT-CF44B2-DB2,KIT DAHUA DVR 4CH + 4 Bullet PVC 2Mpx + HDD 1TB + Accesorios,249.16,0.00
WEBKIT-CF44B2-DB3,KIT DAHUA DVR 4CH + 4 Bullet Met 2Mpx + HDD 1TB + Accesorios,271.36,0.00
WEBKIT-CF44B2-DC1,KIT DAHUA DVR 4CH + 4 Bullet PVC 2Mpx + HDD + Accesorios,266.12,0.00
WEBKIT-CF44B2-DC2,Kit DAHUA DVR 1A04 c/Cables + 4 Bullet PVC 2Mpx + HDD,253.87,0.00
WEBKIT-CF44B2-DC3,Kit DAHUA DVR 1A04 c/Cables + 4 Bullet Metalicas 2Mpx + HDD,278.03,0.00
WEBKIT-CF44B2-HB1,KIT HIKVISION DVR 4CH + 4 Bullet PVC 2Mpx + HDD + Accesorios,230.91,0.00
WEBKIT-CF44B2-HB2,KIT HIKVISION DVR 4CH + 4 Bullet PVC 2Mpx + HDD + Accesorios,232.87,0.00
WEBKIT-CF44B2-HC1,KIT HIKVISION DVR 4CH + 4 Bullet PVC 2Mpx + HDD + Accesorios,249.83,0.00
WEBKIT-CF44D2-DB1,KIT DAHUA DVR 4CH + 4 Domo PVC 2Mpx + HDD 1TB + Accesorios,243.13,0.00
WEBKIT-CF44D2-DB2,KIT DAHUA DVR 4CH + 4 Domo Met 2Mpx + HDD 1TB + Accesorios,263.45,0.00
WEBKIT-CF44D2-DB4,KIT DAHUA DVR 4CH + 4 Domo PVC 2Mpx + HDD 1TB + Accesorios,243.79,0.00
WEBKIT-CF44D2-DB6,KIT DAHUA DVR 4CH + 4 Domo 2Mpx (2PVC/2Met) + HDD 1TB + Acc,247.63,0.00
WEBKIT-CF44D2-DC1,KIT DAHUA DVR 4CH + 4 Domos PVC 2Mpx + HDD + Accesorios,262.05,0.00
WEBKIT-CF45B2-DI1,KIT DAHUA DVR 4CH. 4 Bullet PVC 2Mpx. Domo IP .HDD 1TB +Acc,306.20,0.00
WEBKIT-CF84B2-DB1,KIT DAHUA DVR 8CH + 4 Bullet PVC 2Mpx + HDD 1TB + Accesorios,263.39,0.00
WEBKIT-CF84B2-DB2,KIT DAHUA DVR 8CH + 4 Bullet PVC 2Mpx + HDD 1TB + Accesorios,265.35,0.00
WEBKIT-CF84B2-DB4,KIT DAHUA DVR 8CH + 4 Bullet Met 2Mpx + HDD 1TB + Accesorios,289.51,0.00
WEBKIT-CF84B2-HB1,KIT HIKVISION DVR 8CH + 4 Bullet PVC 2Mpx + HDD + Accesorios,255.83,0.00
WEBKIT-CF84B2-HB2,KIT HIKVISION DVR 8CH + 4 Bullet PVC 2Mpx + HDD + Accesorios,257.79,0.00
WEBKIT-CF84D2-DB2,KIT DAHUA DVR 8CH + 4 Domo PVC 2Mpx + HDD 1TB + Accesorios,261.28,0.00
WEBKIT-CF84D2-DB4,KIT DAHUA DVR 8CH + 4 Domo Met 2Mpx + HDD 1TB + Accesorios,279.64,0.00
WEBKIT-CF88B2-DB1,KIT DAHUA DVR 8CH + 8 Bullet PVC 2Mpx + HDD 1TB + Accesorios,370.59,0.00
WEBKIT-CF88B2-DB2,KIT DAHUA DVR 8CH + 8 Bullet PVC 2Mpx + HDD 1TB + Accesorios,374.51,0.00
WEBKIT-CF88B2-HB1,KIT HIKVISION DVR 8CH + 8 Bullet PVC 2Mpx + HDD + Accesorios,359.25,0.00
WEBKIT-CF88B2-HB2,KIT HIKVISION DVR 8CH + 8 Bullet PVC 2Mpx + HDD + Accesorios,361.86,0.00
WEBKIT-CF88B2-HB4,KIT HIKVISION DVR 8CH + 8 Bullet PVC 2Mpx + HDD + Accesorios,351.20,0.00
WEBKIT-CF88D2-DB2,KIT DAHUA DVR 8CH + 8 Domo Met 2Mpx + HDD 1TB + Accesorios,403.08,-1.00
WEBKIT-CI84B2-DB2,KIT DAHUA DVR 8CH + 4 Bullet PVC 2Mpx + Accesorios,199.94,0.00
WEBKIT-CI84D2-DB2,KIT DAHUA DVR 8CH + 4 Domos Metálicos 2Mpx + Accesorios,217.35,0.00
WEBKIT-CI88B2-DB2,KIT DAHUA DVR 8CH + 8 Bullet PVC 2Mpx + Accesorios,309.41,0.00
WLS912L-433,Wireless Glass Break Detector,100.19,0.00
WS4904P,DETECTOR ANTIM INALAMBRICO 25KG 433MHZ.,52.93,22.00
WS4925,SENSOR MAGNETICO INALAMBRICO DE LARGO ALCANCE,46.78,6.00
WS4939,TRANSMISOR INALMBRICO DE 4 BOTONES 4 CANALES,31.51,22.00
WS4945,SENSOR MAGNETICO INALAMBRICO BORNERA 433MHZ,34.85,31.00
WS4959,Llavero inalámbrico de cinco botones 12 canales.,56.63,1.00
WS4965,SENSOR MAGN INALAMBRICO 3 ZONAS BORNERA 433MHZ,60.85,2.00
WS4979,TRANSMISOR INALAM 4 CANALES P/ PARED 433,41.12,2.00
XVR1A04,Fivebrid HVR Cooper 4+1 ch 1080N/720p,70.91,8.00
XVR1A08,Fivebrid HVR Cooper 8+2 ch 720p 1HDD Audio BNC marca Dahua,84.11,0.00
XVR1B04H-I,HVR 4+2 canales 6Mpx H.265 AI Coding SMD Plus 4ch 1HDD Dahua,108.80,6.00
XVR1B04-I,4 Channel Penta-brid 1080N/720p Cooper 1U 1HDD WizSense,83.54,-3.00
XVR1B08H-I,HVR 8+4 canales 6Mpx H.265 AI Coding SMD Plus 8ch 1HDD Dahua,181.00,2.00
XVR1B08-I,8 Channel Penta-brid 1080N/720p Cooper 1U 1HDD WizSense,100.94,-13.00
XVR1B16-I,16 Channel Penta-brid 1080N/720p Compact 1U 1HDD WizSense,194.93,-5.00
XVR4108HS,HDCVI Fivebrid DVR 8+2 ch 720p 1HDD,115.34,1.00
XVR4116HS,HDCVI Fivebrid DVR 16+2 ch 720p 1HDD,210.53,0.00
XVR5108H-I,8Ch XVR 1Hdd AI,261.09,0.00
ZL-350,Soporte metálico en ZL para SAC 350,29.18,25.00
ZL-600,Soporte metálico en ZL para SAC 600,26.54,20.00